Image name,Risk of macular edema
IMAGE_01418.png,0
IMAGE_01285.png,0
IMAGE_02211.jpg,0
IMAGE_00525.png,0
IMAGE_01239.png,0
IMAGE_00196.jpg,1
IMAGE_00266.jpg,0
IMAGE_01573.jpg,0
IMAGE_02162.jpg,0
IMAGE_00274.jpg,0
IMAGE_02201.jpg,0
IMAGE_00974.png,0
IMAGE_01221.png,0
IMAGE_01839.jpg,0
IMAGE_00053.jpg,1
IMAGE_02068.jpg,0
IMAGE_00789.png,0
IMAGE_00338.jpg,1
IMAGE_00696.png,0
IMAGE_00359.jpg,0
IMAGE_00634.png,0
IMAGE_01626.jpg,0
IMAGE_01570.jpg,0
IMAGE_01826.jpg,0
IMAGE_01956.jpg,0
IMAGE_00794.png,0
IMAGE_00718.png,0
IMAGE_00010.jpg,1
IMAGE_00413.jpg,0
IMAGE_00332.jpg,0
IMAGE_00547.png,0
IMAGE_00705.png,0
IMAGE_02137.jpg,0
IMAGE_00743.png,0
IMAGE_01503.png,0
IMAGE_01779.jpg,0
IMAGE_01697.jpg,0
IMAGE_01159.png,0
IMAGE_00249.jpg,0
IMAGE_01134.png,0
IMAGE_00597.png,0
IMAGE_00668.png,0
IMAGE_00610.png,0
IMAGE_00901.png,0
IMAGE_02003.jpg,0
IMAGE_01458.png,0
IMAGE_00395.jpg,1
IMAGE_01611.jpg,0
IMAGE_01432.png,0
IMAGE_00447.jpg,1
IMAGE_00943.png,0
IMAGE_01544.png,0
IMAGE_01084.png,0
IMAGE_00932.png,0
IMAGE_00193.jpg,1
IMAGE_00143.jpg,1
IMAGE_02247.jpg,0
IMAGE_01857.jpg,0
IMAGE_00177.jpg,1
IMAGE_00726.png,0
IMAGE_01373.png,0
IMAGE_01171.png,0
IMAGE_00533.png,1
IMAGE_00933.png,0
IMAGE_01382.png,0
IMAGE_00513.png,0
IMAGE_01871.jpg,0
IMAGE_02020.jpg,0
IMAGE_00150.jpg,1
IMAGE_01823.jpg,0
IMAGE_01866.jpg,0
IMAGE_00892.png,0
IMAGE_00118.jpg,1
IMAGE_00734.png,0
IMAGE_00373.jpg,1
IMAGE_00830.png,0
IMAGE_00320.jpg,0
IMAGE_00994.png,0
IMAGE_01671.jpg,0
IMAGE_01298.png,1
IMAGE_00200.jpg,1
IMAGE_01173.png,0
IMAGE_01963.jpg,0
IMAGE_01975.jpg,0
IMAGE_02002.jpg,0
IMAGE_00688.png,0
IMAGE_01686.jpg,0
IMAGE_01851.jpg,0
IMAGE_00494.jpg,0
IMAGE_02188.jpg,0
IMAGE_00652.png,0
IMAGE_00318.jpg,1
IMAGE_01304.png,0
IMAGE_01111.png,0
IMAGE_00089.jpg,0
IMAGE_00824.png,0
IMAGE_01595.jpg,0
IMAGE_01926.jpg,0
IMAGE_01076.png,0
IMAGE_00522.png,0
IMAGE_00677.png,0
IMAGE_01892.jpg,0
IMAGE_01799.jpg,0
IMAGE_01132.png,0
IMAGE_01302.png,0
IMAGE_02123.jpg,0
IMAGE_01665.jpg,0
IMAGE_02249.jpg,0
IMAGE_00905.png,0
IMAGE_00898.png,1
IMAGE_00587.png,1
IMAGE_01990.jpg,0
IMAGE_01422.png,0
IMAGE_01103.png,0
IMAGE_00389.jpg,0
IMAGE_00093.jpg,0
IMAGE_00186.jpg,1
IMAGE_00260.jpg,0
IMAGE_01193.png,0
IMAGE_02071.jpg,0
IMAGE_00131.jpg,1
IMAGE_01150.png,0
IMAGE_02208.jpg,0
IMAGE_01284.png,0
IMAGE_00946.png,0
IMAGE_00276.jpg,0
IMAGE_01601.jpg,0
IMAGE_00783.png,0
IMAGE_00571.png,0
IMAGE_00619.png,1
IMAGE_00486.jpg,0
IMAGE_02244.jpg,0
IMAGE_01722.jpg,0
IMAGE_00814.png,0
IMAGE_00431.jpg,0
IMAGE_00957.png,1
IMAGE_01640.jpg,0
IMAGE_01465.png,0
IMAGE_00499.jpg,0
IMAGE_01717.jpg,0
IMAGE_00252.jpg,0
IMAGE_01407.png,0
IMAGE_01756.jpg,0
IMAGE_00893.png,0
IMAGE_00569.png,1
IMAGE_00810.png,0
IMAGE_00714.png,0
IMAGE_01094.png,0
IMAGE_01138.png,0
IMAGE_00881.png,0
IMAGE_00645.png,0
IMAGE_01698.jpg,0
IMAGE_00607.png,0
IMAGE_01642.jpg,0
IMAGE_01095.png,0
IMAGE_00712.png,0
IMAGE_01203.png,0
IMAGE_00549.png,0
IMAGE_00037.jpg,0
IMAGE_02082.jpg,0
IMAGE_01151.png,1
IMAGE_00745.png,0
IMAGE_01282.png,0
IMAGE_00346.jpg,0
IMAGE_01227.png,0
IMAGE_01411.png,0
IMAGE_01201.png,0
IMAGE_01371.png,0
IMAGE_01516.png,0
IMAGE_02125.jpg,0
IMAGE_02185.jpg,0
IMAGE_00991.png,0
IMAGE_01479.png,0
IMAGE_00678.png,0
IMAGE_00013.jpg,1
IMAGE_01385.png,0
IMAGE_02006.jpg,0
IMAGE_01395.png,1
IMAGE_00682.png,0
IMAGE_01633.jpg,0
IMAGE_01514.png,0
IMAGE_00984.png,0
IMAGE_01073.png,0
IMAGE_00805.png,0
IMAGE_00568.png,0
IMAGE_00703.png,0
IMAGE_01037.png,0
IMAGE_00262.jpg,0
IMAGE_00355.jpg,1
IMAGE_01442.png,0
IMAGE_02114.jpg,0
IMAGE_01645.jpg,0
IMAGE_01591.jpg,0
IMAGE_02142.jpg,0
IMAGE_01614.jpg,0
IMAGE_00582.png,0
IMAGE_02103.jpg,0
IMAGE_00404.jpg,1
IMAGE_01981.jpg,0
IMAGE_01008.png,0
IMAGE_01660.jpg,0
IMAGE_01605.jpg,0
IMAGE_01096.png,0
IMAGE_01156.png,0
IMAGE_00802.png,0
IMAGE_01538.png,0
IMAGE_00604.png,0
IMAGE_00223.jpg,1
IMAGE_01237.png,0
IMAGE_00182.jpg,1
IMAGE_01853.jpg,0
IMAGE_00887.png,0
IMAGE_00306.jpg,0
IMAGE_00614.png,0
IMAGE_00057.jpg,1
IMAGE_02083.jpg,0
IMAGE_00564.png,0
IMAGE_01904.jpg,0
IMAGE_01876.jpg,0
IMAGE_00685.png,0
IMAGE_00679.png,0
IMAGE_02252.jpg,0
IMAGE_01666.jpg,0
IMAGE_01495.png,0
IMAGE_01130.png,1
IMAGE_00028.jpg,1
IMAGE_01878.jpg,0
IMAGE_02207.jpg,0
IMAGE_00462.jpg,1
IMAGE_00813.png,0
IMAGE_00870.png,0
IMAGE_01410.png,0
IMAGE_00148.jpg,0
IMAGE_00145.jpg,0
IMAGE_00302.jpg,0
IMAGE_00179.jpg,1
IMAGE_00292.jpg,0
IMAGE_01197.png,0
IMAGE_01879.jpg,0
IMAGE_00272.jpg,0
IMAGE_00992.png,0
IMAGE_02043.jpg,0
IMAGE_00958.png,1
IMAGE_00416.jpg,0
IMAGE_00128.jpg,1
IMAGE_01551.png,1
IMAGE_00751.png,0
IMAGE_00753.png,0
IMAGE_01776.jpg,0
IMAGE_01211.png,0
IMAGE_01598.jpg,0
IMAGE_01736.jpg,0
IMAGE_00715.png,0
IMAGE_01568.jpg,0
IMAGE_00781.png,0
IMAGE_01545.png,0
IMAGE_00878.png,0
IMAGE_02061.jpg,0
IMAGE_00847.png,0
IMAGE_00951.png,0
IMAGE_02206.jpg,0
IMAGE_00975.png,0
IMAGE_00588.png,1
IMAGE_01855.jpg,0
IMAGE_00109.jpg,0
IMAGE_00463.jpg,1
IMAGE_01800.jpg,0
IMAGE_00509.jpg,0
IMAGE_02098.jpg,0
IMAGE_02170.jpg,0
IMAGE_00419.jpg,0
IMAGE_00281.jpg,0
IMAGE_01720.jpg,0
IMAGE_01347.png,0
IMAGE_00111.jpg,1
IMAGE_01300.png,0
IMAGE_00392.jpg,0
IMAGE_01115.png,0
IMAGE_00278.jpg,0
IMAGE_01635.jpg,0
IMAGE_00556.png,1
IMAGE_01166.png,0
IMAGE_01936.jpg,0
IMAGE_00034.jpg,1
IMAGE_00227.jpg,1
IMAGE_01196.png,0
IMAGE_00722.png,0
IMAGE_01692.jpg,0
IMAGE_01693.jpg,0
IMAGE_01905.jpg,0
IMAGE_01438.png,1
IMAGE_01912.jpg,0
IMAGE_00255.jpg,0
IMAGE_01325.png,0
IMAGE_00641.png,0
IMAGE_00482.jpg,1
IMAGE_01992.jpg,0
IMAGE_01424.png,0
IMAGE_01655.jpg,0
IMAGE_02245.jpg,0
IMAGE_01015.png,0
IMAGE_01309.png,0
IMAGE_01919.jpg,0
IMAGE_01617.jpg,0
IMAGE_00770.png,0
IMAGE_00861.png,0
IMAGE_01523.png,0
IMAGE_00799.png,0
IMAGE_00344.jpg,1
IMAGE_01120.png,0
IMAGE_01490.png,0
IMAGE_01117.png,0
IMAGE_01271.png,0
IMAGE_01013.png,0
IMAGE_00615.png,0
IMAGE_00563.png,0
IMAGE_00449.jpg,1
IMAGE_00647.png,0
IMAGE_01161.png,0
IMAGE_00175.jpg,1
IMAGE_00600.png,1
IMAGE_01646.jpg,0
IMAGE_00271.jpg,0
IMAGE_00479.jpg,0
IMAGE_01352.png,0
IMAGE_01621.jpg,0
IMAGE_01032.png,1
IMAGE_01295.png,0
IMAGE_00623.png,1
IMAGE_00191.jpg,1
IMAGE_01487.png,0
IMAGE_01840.jpg,0
IMAGE_02202.jpg,0
IMAGE_00620.png,1
IMAGE_00043.jpg,0
IMAGE_01735.jpg,0
IMAGE_02147.jpg,0
IMAGE_00807.png,1
IMAGE_01522.png,0
IMAGE_01651.jpg,0
IMAGE_02014.jpg,0
IMAGE_01674.jpg,0
IMAGE_01255.png,0
IMAGE_00637.png,0
IMAGE_00290.jpg,1
IMAGE_02010.jpg,0
IMAGE_00796.png,0
IMAGE_01760.jpg,0
IMAGE_00757.png,0
IMAGE_00050.jpg,0
IMAGE_00154.jpg,1
IMAGE_01157.png,0
IMAGE_01699.jpg,0
IMAGE_00671.png,0
IMAGE_00139.jpg,1
IMAGE_02175.jpg,0
IMAGE_00178.jpg,1
IMAGE_01744.jpg,0
IMAGE_00882.png,0
IMAGE_00339.jpg,1
IMAGE_01383.png,0
IMAGE_00268.jpg,0
IMAGE_00926.png,0
IMAGE_00042.jpg,1
IMAGE_01057.png,0
IMAGE_00361.jpg,0
IMAGE_01269.png,1
IMAGE_00818.png,0
IMAGE_00129.jpg,1
IMAGE_01628.jpg,0
IMAGE_00375.jpg,0
IMAGE_00330.jpg,0
IMAGE_01951.jpg,1
IMAGE_00110.jpg,1
IMAGE_01044.png,0
IMAGE_00026.jpg,1
IMAGE_00254.jpg,0
IMAGE_01606.jpg,0
IMAGE_02221.jpg,0
IMAGE_01042.png,0
IMAGE_02047.jpg,0
IMAGE_00059.jpg,1
IMAGE_01031.png,1
IMAGE_02000.jpg,0
IMAGE_00016.jpg,1
IMAGE_00837.png,0
IMAGE_01261.png,0
IMAGE_00244.jpg,0
IMAGE_00594.png,0
IMAGE_02243.jpg,0
IMAGE_00469.jpg,0
IMAGE_02210.jpg,0
IMAGE_01258.png,0
IMAGE_01771.jpg,1
IMAGE_00161.jpg,1
IMAGE_00437.jpg,1
IMAGE_01889.jpg,0
IMAGE_02022.jpg,0
IMAGE_01643.jpg,0
IMAGE_00351.jpg,0
IMAGE_01023.png,1
IMAGE_00363.jpg,1
IMAGE_01409.png,0
IMAGE_00491.jpg,1
IMAGE_00097.jpg,0
IMAGE_01369.png,0
IMAGE_02158.jpg,0
IMAGE_00876.png,0
IMAGE_01893.jpg,0
IMAGE_00559.png,0
IMAGE_01747.jpg,0
IMAGE_00860.png,0
IMAGE_01043.png,0
IMAGE_00640.png,0
IMAGE_01844.jpg,0
IMAGE_01581.jpg,0
IMAGE_01830.jpg,0
IMAGE_01619.jpg,0
IMAGE_00495.jpg,1
IMAGE_00868.png,0
IMAGE_02080.jpg,0
IMAGE_01815.jpg,0
IMAGE_01923.jpg,0
IMAGE_01989.jpg,0
IMAGE_00896.png,0
IMAGE_01181.png,0
IMAGE_00592.png,1
IMAGE_00368.jpg,0
IMAGE_01652.jpg,0
IMAGE_00399.jpg,0
IMAGE_01708.jpg,0
IMAGE_01820.jpg,0
IMAGE_00959.png,1
IMAGE_01420.png,0
IMAGE_01359.png,0
IMAGE_00680.png,0
IMAGE_01719.jpg,0
IMAGE_01188.png,1
IMAGE_00627.png,0
IMAGE_01638.jpg,0
IMAGE_00729.png,0
IMAGE_00982.png,1
IMAGE_01279.png,0
IMAGE_01670.jpg,0
IMAGE_00058.jpg,0
IMAGE_01867.jpg,0
IMAGE_00417.jpg,0
IMAGE_01797.jpg,0
IMAGE_01725.jpg,0
IMAGE_01589.jpg,0
IMAGE_00831.png,0
IMAGE_00259.jpg,0
IMAGE_01433.png,0
IMAGE_00324.jpg,0
IMAGE_01024.png,1
IMAGE_02229.jpg,0
IMAGE_00038.jpg,0
IMAGE_00090.jpg,1
IMAGE_00141.jpg,1
IMAGE_02035.jpg,0
IMAGE_01097.png,0
IMAGE_01148.png,0
IMAGE_00706.png,0
IMAGE_02131.jpg,0
IMAGE_01819.jpg,0
IMAGE_01376.png,0
IMAGE_00428.jpg,1
IMAGE_00790.png,0
IMAGE_01808.jpg,0
IMAGE_01108.png,0
IMAGE_01320.png,0
IMAGE_02143.jpg,0
IMAGE_02165.jpg,0
IMAGE_00931.png,0
IMAGE_01049.png,0
IMAGE_00388.jpg,0
IMAGE_00521.png,0
IMAGE_00691.png,0
IMAGE_00945.png,0
IMAGE_01859.jpg,0
IMAGE_01448.png,0
IMAGE_00229.jpg,1
IMAGE_01654.jpg,0
IMAGE_01067.png,0
IMAGE_02197.jpg,0
IMAGE_02104.jpg,0
IMAGE_00108.jpg,1
IMAGE_00527.png,1
IMAGE_01802.jpg,0
IMAGE_00323.jpg,0
IMAGE_00808.png,0
IMAGE_00638.png,0
IMAGE_01331.png,0
IMAGE_00998.png,0
IMAGE_00140.jpg,0
IMAGE_01090.png,0
IMAGE_01069.png,0
IMAGE_00004.jpg,0
IMAGE_00208.jpg,1
IMAGE_00862.png,0
IMAGE_01194.png,0
IMAGE_00489.jpg,1
IMAGE_00434.jpg,0
IMAGE_01030.png,0
IMAGE_01969.jpg,0
IMAGE_00969.png,0
IMAGE_01236.png,0
IMAGE_01558.png,0
IMAGE_00776.png,0
IMAGE_01001.png,0
IMAGE_01133.png,0
IMAGE_01508.png,0
IMAGE_00874.png,0
IMAGE_01259.png,0
IMAGE_00073.jpg,0
IMAGE_00585.png,0
IMAGE_01921.jpg,0
IMAGE_02214.jpg,0
IMAGE_00002.jpg,1
IMAGE_01034.png,0
IMAGE_01225.png,0
IMAGE_00498.jpg,1
IMAGE_02078.jpg,0
IMAGE_02138.jpg,0
IMAGE_02224.jpg,0
IMAGE_00606.png,0
IMAGE_01144.png,0
IMAGE_01593.jpg,0
IMAGE_00833.png,1
IMAGE_01548.png,0
IMAGE_01469.png,0
IMAGE_01510.png,1
IMAGE_01818.jpg,0
IMAGE_00773.png,0
IMAGE_01883.jpg,0
IMAGE_01102.png,0
IMAGE_01561.png,0
IMAGE_00908.png,0
IMAGE_00851.png,0
IMAGE_00315.jpg,0
IMAGE_00613.png,0
IMAGE_01899.jpg,0
IMAGE_01272.png,0
IMAGE_01040.png,0
IMAGE_01625.jpg,0
IMAGE_00676.png,0
IMAGE_01266.png,0
IMAGE_01245.png,0
IMAGE_01391.png,1
IMAGE_00300.jpg,0
IMAGE_01675.jpg,0
IMAGE_01731.jpg,0
IMAGE_01931.jpg,0
IMAGE_01563.png,0
IMAGE_01453.png,0
IMAGE_00197.jpg,1
IMAGE_01472.png,0
IMAGE_00496.jpg,0
IMAGE_01027.png,0
IMAGE_02042.jpg,0
IMAGE_02122.jpg,0
IMAGE_01529.png,0
IMAGE_00051.jpg,1
IMAGE_01492.png,0
IMAGE_00166.jpg,1
IMAGE_00848.png,0
IMAGE_01554.png,0
IMAGE_00954.png,0
IMAGE_00113.jpg,1
IMAGE_01213.png,0
IMAGE_02181.jpg,0
IMAGE_00374.jpg,1
IMAGE_00886.png,0
IMAGE_00409.jpg,1
IMAGE_00793.png,0
IMAGE_01530.png,0
IMAGE_01217.png,1
IMAGE_01351.png,0
IMAGE_00231.jpg,1
IMAGE_00863.png,0
IMAGE_00591.png,0
IMAGE_00297.jpg,0
IMAGE_02025.jpg,0
IMAGE_01513.png,0
IMAGE_00078.jpg,1
IMAGE_02199.jpg,0
IMAGE_01218.png,0
IMAGE_01569.jpg,0
IMAGE_00914.png,0
IMAGE_00697.png,0
IMAGE_01354.png,0
IMAGE_00460.jpg,1
IMAGE_01908.jpg,0
IMAGE_01622.jpg,0
IMAGE_00183.jpg,1
IMAGE_01664.jpg,0
IMAGE_01232.png,0
IMAGE_01363.png,1
IMAGE_00927.png,0
IMAGE_01026.png,1
IMAGE_00001.jpg,0
IMAGE_02169.jpg,0
IMAGE_00605.png,0
IMAGE_00787.png,0
IMAGE_01390.png,0
IMAGE_00653.png,0
IMAGE_01550.png,1
IMAGE_00422.jpg,1
IMAGE_01860.jpg,0
IMAGE_00503.jpg,0
IMAGE_00011.jpg,1
IMAGE_01476.png,0
IMAGE_00784.png,0
IMAGE_01228.png,0
IMAGE_01009.png,0
IMAGE_00798.png,0
IMAGE_02190.jpg,0
IMAGE_01254.png,0
IMAGE_01827.jpg,0
IMAGE_00418.jpg,0
IMAGE_01406.png,0
IMAGE_01307.png,0
IMAGE_01303.png,0
IMAGE_00730.png,0
IMAGE_00468.jpg,1
IMAGE_01316.png,0
IMAGE_00846.png,0
IMAGE_01273.png,0
IMAGE_00949.png,0
IMAGE_02108.jpg,0
IMAGE_00875.png,0
IMAGE_01408.png,0
IMAGE_02008.jpg,0
IMAGE_02027.jpg,0
IMAGE_01543.png,0
IMAGE_00415.jpg,1
IMAGE_00213.jpg,1
IMAGE_00840.png,0
IMAGE_00761.png,0
IMAGE_00816.png,0
IMAGE_00293.jpg,0
IMAGE_00924.png,0
IMAGE_00985.png,1
IMAGE_00899.png,0
IMAGE_02195.jpg,1
IMAGE_00512.png,0
IMAGE_00114.jpg,1
IMAGE_01488.png,1
IMAGE_00384.jpg,1
IMAGE_01967.jpg,0
IMAGE_00430.jpg,1
IMAGE_00778.png,0
IMAGE_00690.png,0
IMAGE_02034.jpg,0
IMAGE_02007.jpg,0
IMAGE_02102.jpg,0
IMAGE_00923.png,0
IMAGE_01946.jpg,0
IMAGE_01434.png,1
IMAGE_00561.png,0
IMAGE_00082.jpg,1
IMAGE_01980.jpg,0
IMAGE_00264.jpg,0
IMAGE_00774.png,0
IMAGE_00467.jpg,1
IMAGE_00327.jpg,0
IMAGE_01356.png,1
IMAGE_01280.png,0
IMAGE_00094.jpg,0
IMAGE_01333.png,0
IMAGE_00528.png,0
IMAGE_01088.png,0
IMAGE_01786.jpg,0
IMAGE_01918.jpg,0
IMAGE_01028.png,0
IMAGE_02105.jpg,0
IMAGE_01824.jpg,0
IMAGE_00727.png,0
IMAGE_01609.jpg,0
IMAGE_00091.jpg,0
IMAGE_00632.png,0
IMAGE_01792.jpg,0
IMAGE_01520.png,1
IMAGE_00299.jpg,0
IMAGE_00921.png,1
IMAGE_01416.png,0
IMAGE_00771.png,0
IMAGE_00349.jpg,1
IMAGE_02141.jpg,0
IMAGE_01467.png,0
IMAGE_01449.png,0
IMAGE_01556.png,0
IMAGE_02044.jpg,0
IMAGE_01184.png,0
IMAGE_01065.png,0
IMAGE_02230.jpg,0
IMAGE_00291.jpg,1
IMAGE_00869.png,0
IMAGE_01966.jpg,0
IMAGE_01163.png,0
IMAGE_01323.png,0
IMAGE_00803.png,0
IMAGE_00261.jpg,0
IMAGE_01215.png,0
IMAGE_01021.png,0
IMAGE_01360.png,0
IMAGE_01650.jpg,0
IMAGE_02156.jpg,0
IMAGE_00829.png,0
IMAGE_00835.png,0
IMAGE_00464.jpg,0
IMAGE_00531.png,1
IMAGE_00206.jpg,1
IMAGE_02093.jpg,0
IMAGE_00202.jpg,1
IMAGE_00780.png,0
IMAGE_00283.jpg,0
IMAGE_01732.jpg,0
IMAGE_01364.png,0
IMAGE_00543.png,1
IMAGE_02049.jpg,0
IMAGE_00436.jpg,1
IMAGE_02056.jpg,0
IMAGE_00689.png,0
IMAGE_00809.png,0
IMAGE_00035.jpg,1
IMAGE_00120.jpg,1
IMAGE_00279.jpg,0
IMAGE_01954.jpg,0
IMAGE_00683.png,0
IMAGE_01426.png,0
IMAGE_01187.png,1
IMAGE_00900.png,0
IMAGE_01286.png,0
IMAGE_02091.jpg,0
IMAGE_00018.jpg,1
IMAGE_01758.jpg,0
IMAGE_02087.jpg,0
IMAGE_00669.png,0
IMAGE_00087.jpg,1
IMAGE_01146.png,0
IMAGE_00842.png,0
IMAGE_01062.png,0
IMAGE_01459.png,0
IMAGE_00398.jpg,0
IMAGE_01289.png,0
IMAGE_02203.jpg,0
IMAGE_00487.jpg,1
IMAGE_00356.jpg,1
IMAGE_01494.png,1
IMAGE_00675.png,0
IMAGE_00742.png,0
IMAGE_01038.png,0
IMAGE_01345.png,0
IMAGE_01456.png,0
IMAGE_01506.png,1
IMAGE_00735.png,0
IMAGE_02153.jpg,0
IMAGE_01036.png,0
IMAGE_02237.jpg,0
IMAGE_01865.jpg,0
IMAGE_00012.jpg,1
IMAGE_02121.jpg,0
IMAGE_02130.jpg,0
IMAGE_01894.jpg,0
IMAGE_01961.jpg,0
IMAGE_01955.jpg,0
IMAGE_01842.jpg,0
IMAGE_01582.jpg,0
IMAGE_02191.jpg,0
IMAGE_01767.jpg,0
IMAGE_01752.jpg,0
IMAGE_00839.png,0
IMAGE_01329.png,0
IMAGE_01667.jpg,0
IMAGE_00226.jpg,1
IMAGE_00347.jpg,1
IMAGE_02217.jpg,0
IMAGE_01350.png,1
IMAGE_00125.jpg,1
IMAGE_01774.jpg,0
IMAGE_00673.png,0
IMAGE_00505.jpg,0
IMAGE_02126.jpg,0
IMAGE_01051.png,0
IMAGE_01016.png,0
IMAGE_01521.png,0
IMAGE_01471.png,1
IMAGE_00007.jpg,0
IMAGE_01580.jpg,0
IMAGE_01729.jpg,0
IMAGE_01718.jpg,0
IMAGE_01763.jpg,0
IMAGE_01535.png,1
IMAGE_00779.png,0
IMAGE_00962.png,0
IMAGE_01949.jpg,0
IMAGE_01607.jpg,0
IMAGE_00391.jpg,0
IMAGE_01335.png,0
IMAGE_01291.png,0
IMAGE_00408.jpg,0
IMAGE_00046.jpg,1
IMAGE_00014.jpg,1
IMAGE_01972.jpg,0
IMAGE_00077.jpg,0
IMAGE_02009.jpg,0
IMAGE_00922.png,1
IMAGE_00529.png,0
IMAGE_00636.png,0
IMAGE_00201.jpg,1
IMAGE_01048.png,0
IMAGE_01089.png,0
IMAGE_01778.jpg,0
IMAGE_01326.png,0
IMAGE_01068.png,0
IMAGE_01443.png,0
IMAGE_01283.png,0
IMAGE_01959.jpg,0
IMAGE_00237.jpg,1
IMAGE_00052.jpg,0
IMAGE_00999.png,0
IMAGE_00095.jpg,0
IMAGE_00215.jpg,1
IMAGE_01353.png,0
IMAGE_01431.png,0
IMAGE_02218.jpg,0
IMAGE_00510.jpg,0
IMAGE_00764.png,0
IMAGE_00660.png,0
IMAGE_01695.jpg,0
IMAGE_00589.png,0
IMAGE_01602.jpg,0
IMAGE_01500.png,0
IMAGE_01534.png,0
IMAGE_02081.jpg,0
IMAGE_01964.jpg,0
IMAGE_01765.jpg,0
IMAGE_00184.jpg,1
IMAGE_02092.jpg,0
IMAGE_01224.png,1
IMAGE_00939.png,0
IMAGE_01706.jpg,0
IMAGE_01618.jpg,0
IMAGE_00555.png,1
IMAGE_01588.jpg,0
IMAGE_02023.jpg,0
IMAGE_00284.jpg,0
IMAGE_01637.jpg,0
IMAGE_01834.jpg,0
IMAGE_00904.png,0
IMAGE_00720.png,0
IMAGE_00060.jpg,0
IMAGE_01813.jpg,0
IMAGE_00104.jpg,1
IMAGE_00964.png,1
IMAGE_00126.jpg,1
IMAGE_00766.png,0
IMAGE_00190.jpg,1
IMAGE_01504.png,0
IMAGE_01753.jpg,0
IMAGE_00877.png,0
IMAGE_00849.png,0
IMAGE_01263.png,0
IMAGE_01891.jpg,0
IMAGE_01463.png,0
IMAGE_01583.jpg,0
IMAGE_01485.png,0
IMAGE_01555.png,0
IMAGE_00695.png,0
IMAGE_00172.jpg,0
IMAGE_02209.jpg,0
IMAGE_01932.jpg,0
IMAGE_00029.jpg,0
IMAGE_01636.jpg,0
IMAGE_00516.png,0
IMAGE_01106.png,0
IMAGE_02076.jpg,0
IMAGE_00956.png,0
IMAGE_00713.png,0
IMAGE_00039.jpg,0
IMAGE_01571.jpg,0
IMAGE_00401.jpg,1
IMAGE_02248.jpg,0
IMAGE_00400.jpg,1
IMAGE_00686.png,0
IMAGE_01158.png,0
IMAGE_01906.jpg,0
IMAGE_00287.jpg,1
IMAGE_01412.png,0
IMAGE_01847.jpg,0
IMAGE_01050.png,0
IMAGE_01035.png,0
IMAGE_02159.jpg,0
IMAGE_00246.jpg,0
IMAGE_00309.jpg,1
IMAGE_01541.png,0
IMAGE_01238.png,0
IMAGE_01482.png,0
IMAGE_02045.jpg,0
IMAGE_02250.jpg,0
IMAGE_00289.jpg,1
IMAGE_01311.png,0
IMAGE_02150.jpg,0
IMAGE_01070.png,0
IMAGE_01393.png,1
IMAGE_00063.jpg,0
IMAGE_02166.jpg,0
IMAGE_01900.jpg,0
IMAGE_00214.jpg,1
IMAGE_00633.png,0
IMAGE_01782.jpg,0
IMAGE_00995.png,0
IMAGE_00472.jpg,0
IMAGE_02031.jpg,0
IMAGE_01677.jpg,0
IMAGE_00354.jpg,1
IMAGE_00872.png,0
IMAGE_01478.png,0
IMAGE_00267.jpg,0
IMAGE_01321.png,0
IMAGE_01965.jpg,0
IMAGE_00312.jpg,0
IMAGE_00096.jpg,0
IMAGE_01925.jpg,0
IMAGE_00880.png,0
IMAGE_01700.jpg,0
IMAGE_02228.jpg,0
IMAGE_00670.png,0
IMAGE_01841.jpg,0
IMAGE_01856.jpg,0
IMAGE_01825.jpg,0
IMAGE_01153.png,0
IMAGE_00719.png,0
IMAGE_01689.jpg,0
IMAGE_00540.png,0
IMAGE_01597.jpg,0
IMAGE_01357.png,0
IMAGE_00411.jpg,1
IMAGE_01728.jpg,0
IMAGE_02177.jpg,0
IMAGE_00478.jpg,1
IMAGE_01058.png,0
IMAGE_01713.jpg,0
IMAGE_00334.jpg,1
IMAGE_00968.png,1
IMAGE_00966.png,0
IMAGE_00657.png,0
IMAGE_00755.png,0
IMAGE_01890.jpg,0
IMAGE_00116.jpg,1
IMAGE_02063.jpg,0
IMAGE_01532.png,1
IMAGE_02016.jpg,0
IMAGE_00251.jpg,0
IMAGE_00493.jpg,0
IMAGE_01816.jpg,0
IMAGE_00049.jpg,1
IMAGE_01428.png,1
IMAGE_00171.jpg,1
IMAGE_01222.png,1
IMAGE_00265.jpg,0
IMAGE_01457.png,0
IMAGE_01398.png,0
IMAGE_01572.jpg,0
IMAGE_02168.jpg,0
IMAGE_02039.jpg,0
IMAGE_00737.png,0
IMAGE_02070.jpg,0
IMAGE_00541.png,0
IMAGE_00225.jpg,1
IMAGE_01540.png,0
IMAGE_00263.jpg,0
IMAGE_00666.png,0
IMAGE_00474.jpg,1
IMAGE_00903.png,0
IMAGE_01464.png,0
IMAGE_01473.png,0
IMAGE_00520.png,0
IMAGE_00162.jpg,1
IMAGE_01169.png,0
IMAGE_00554.png,1
IMAGE_01801.jpg,0
IMAGE_00823.png,1
IMAGE_00843.png,0
IMAGE_00551.png,0
IMAGE_01914.jpg,0
IMAGE_01165.png,0
IMAGE_01608.jpg,0
IMAGE_00270.jpg,0
IMAGE_01707.jpg,0
IMAGE_00492.jpg,0
IMAGE_02030.jpg,0
IMAGE_00625.png,0
IMAGE_02216.jpg,0
IMAGE_02110.jpg,0
IMAGE_00507.jpg,0
IMAGE_00721.png,0
IMAGE_00648.png,0
IMAGE_01849.jpg,1
IMAGE_00115.jpg,0
IMAGE_00526.png,0
IMAGE_02183.jpg,0
IMAGE_00792.png,0
IMAGE_00407.jpg,1
IMAGE_00041.jpg,0
IMAGE_00595.png,0
IMAGE_01737.jpg,0
IMAGE_00441.jpg,0
IMAGE_00916.png,0
IMAGE_01135.png,0
IMAGE_00841.png,0
IMAGE_01509.png,0
IMAGE_00189.jpg,1
IMAGE_01387.png,0
IMAGE_01885.jpg,0
IMAGE_00192.jpg,1
IMAGE_00616.png,0
IMAGE_00854.png,0
IMAGE_00609.png,0
IMAGE_00396.jpg,0
IMAGE_01761.jpg,0
IMAGE_01864.jpg,0
IMAGE_01047.png,0
IMAGE_01917.jpg,0
IMAGE_00341.jpg,1
IMAGE_00410.jpg,1
IMAGE_00500.jpg,0
IMAGE_01552.png,1
IMAGE_01129.png,0
IMAGE_00426.jpg,1
IMAGE_00772.png,0
IMAGE_01296.png,0
IMAGE_00367.jpg,0
IMAGE_01794.jpg,0
IMAGE_00758.png,0
IMAGE_01400.png,0
IMAGE_00071.jpg,1
IMAGE_01811.jpg,0
IMAGE_01759.jpg,0
IMAGE_01075.png,0
IMAGE_00917.png,0
IMAGE_01093.png,0
IMAGE_01278.png,0
IMAGE_00746.png,0
IMAGE_00205.jpg,1
IMAGE_01996.jpg,0
IMAGE_00371.jpg,0
IMAGE_00768.png,0
IMAGE_02057.jpg,0
IMAGE_00286.jpg,0
IMAGE_00786.png,0
IMAGE_01178.png,0
IMAGE_01072.png,0
IMAGE_00997.png,0
IMAGE_01256.png,0
IMAGE_02205.jpg,0
IMAGE_01010.png,0
IMAGE_00578.png,0
IMAGE_01099.png,0
IMAGE_00066.jpg,1
IMAGE_00488.jpg,1
IMAGE_00539.png,0
IMAGE_01233.png,0
IMAGE_00864.png,0
IMAGE_01795.jpg,0
IMAGE_01474.png,1
IMAGE_01524.png,0
IMAGE_00165.jpg,1
IMAGE_01680.jpg,0
IMAGE_01208.png,0
IMAGE_02132.jpg,0
IMAGE_01806.jpg,0
IMAGE_00470.jpg,1
IMAGE_01441.png,0
IMAGE_01046.png,0
IMAGE_01696.jpg,0
IMAGE_00277.jpg,0
IMAGE_01045.png,0
IMAGE_01310.png,0
IMAGE_00379.jpg,1
IMAGE_00275.jpg,0
IMAGE_00194.jpg,1
IMAGE_00656.png,0
IMAGE_01445.png,0
IMAGE_00357.jpg,0
IMAGE_00023.jpg,1
IMAGE_02032.jpg,0
IMAGE_00438.jpg,1
IMAGE_01355.png,0
IMAGE_01440.png,0
IMAGE_00088.jpg,1
IMAGE_00216.jpg,1
IMAGE_02001.jpg,0
IMAGE_00970.png,0
IMAGE_01404.png,0
IMAGE_01149.png,0
IMAGE_00176.jpg,1
IMAGE_00929.png,0
IMAGE_00080.jpg,1
IMAGE_00303.jpg,0
IMAGE_01807.jpg,0
IMAGE_01517.png,0
IMAGE_00716.png,0
IMAGE_00308.jpg,0
IMAGE_00296.jpg,0
IMAGE_01340.png,0
IMAGE_02012.jpg,0
IMAGE_01809.jpg,0
IMAGE_02040.jpg,0
IMAGE_01446.png,0
IMAGE_00397.jpg,1
IMAGE_00033.jpg,1
IMAGE_00138.jpg,1
IMAGE_00741.png,0
IMAGE_01468.png,0
IMAGE_02011.jpg,0
IMAGE_01170.png,0
IMAGE_00928.png,0
IMAGE_01702.jpg,0
IMAGE_01769.jpg,0
IMAGE_00596.png,0
IMAGE_00963.png,1
IMAGE_00532.png,1
IMAGE_01659.jpg,0
IMAGE_02155.jpg,0
IMAGE_01789.jpg,0
IMAGE_01055.png,0
IMAGE_00099.jpg,1
IMAGE_02160.jpg,0
IMAGE_00187.jpg,1
IMAGE_00377.jpg,0
IMAGE_01290.png,0
IMAGE_01265.png,0
IMAGE_00664.png,0
IMAGE_01180.png,0
IMAGE_00031.jpg,1
IMAGE_01502.png,0
IMAGE_02164.jpg,0
IMAGE_00376.jpg,0
IMAGE_01566.png,1
IMAGE_01348.png,0
IMAGE_01451.png,0
IMAGE_01379.png,0
IMAGE_01741.jpg,0
IMAGE_02094.jpg,0
IMAGE_01119.png,0
IMAGE_01935.jpg,0
IMAGE_01435.png,1
IMAGE_01594.jpg,0
IMAGE_00065.jpg,1
IMAGE_01910.jpg,0
IMAGE_00326.jpg,1
IMAGE_02246.jpg,0
IMAGE_00603.png,0
IMAGE_01200.png,0
IMAGE_01014.png,0
IMAGE_00027.jpg,1
IMAGE_00198.jpg,1
IMAGE_00084.jpg,0
IMAGE_02212.jpg,0
IMAGE_01656.jpg,0
IMAGE_01162.png,0
IMAGE_01715.jpg,0
IMAGE_01511.png,1
IMAGE_02194.jpg,0
IMAGE_01041.png,0
IMAGE_00845.png,0
IMAGE_02089.jpg,0
IMAGE_00894.png,0
IMAGE_01401.png,0
IMAGE_00321.jpg,0
IMAGE_00122.jpg,1
IMAGE_02037.jpg,0
IMAGE_00702.png,0
IMAGE_00518.png,0
IMAGE_01705.jpg,0
IMAGE_01661.jpg,0
IMAGE_01327.png,0
IMAGE_01429.png,1
IMAGE_01787.jpg,0
IMAGE_01011.png,0
IMAGE_01873.jpg,0
IMAGE_00504.jpg,1
IMAGE_01939.jpg,0
IMAGE_00121.jpg,1
IMAGE_02239.jpg,0
IMAGE_00748.png,0
IMAGE_01234.png,0
IMAGE_00937.png,0
IMAGE_01684.jpg,0
IMAGE_01274.png,0
IMAGE_00295.jpg,0
IMAGE_01687.jpg,0
IMAGE_01852.jpg,0
IMAGE_00218.jpg,1
IMAGE_02062.jpg,0
IMAGE_00247.jpg,0
IMAGE_00767.png,0
IMAGE_01812.jpg,0
IMAGE_01427.png,0
IMAGE_01152.png,0
IMAGE_01414.png,0
IMAGE_02238.jpg,0
IMAGE_02167.jpg,1
IMAGE_00149.jpg,1
IMAGE_00239.jpg,1
IMAGE_00791.png,0
IMAGE_00372.jpg,1
IMAGE_01493.png,0
IMAGE_01835.jpg,0
IMAGE_02026.jpg,0
IMAGE_00134.jpg,1
IMAGE_01475.png,1
IMAGE_00700.png,0
IMAGE_02036.jpg,0
IMAGE_00649.png,0
IMAGE_00912.png,0
IMAGE_02133.jpg,0
IMAGE_00481.jpg,1
IMAGE_00054.jpg,0
IMAGE_01533.png,1
IMAGE_01091.png,0
IMAGE_01444.png,1
IMAGE_01257.png,0
IMAGE_00724.png,0
IMAGE_00236.jpg,1
IMAGE_00749.png,0
IMAGE_00631.png,0
IMAGE_01330.png,0
IMAGE_01804.jpg,0
IMAGE_00311.jpg,0
IMAGE_00348.jpg,1
IMAGE_01953.jpg,0
IMAGE_00257.jpg,0
IMAGE_00358.jpg,0
IMAGE_00574.png,1
IMAGE_00483.jpg,1
IMAGE_01305.png,0
IMAGE_01241.png,1
IMAGE_00628.png,0
IMAGE_00996.png,0
IMAGE_00856.png,0
IMAGE_00047.jpg,0
IMAGE_01071.png,0
IMAGE_01343.png,0
IMAGE_00635.png,0
IMAGE_00280.jpg,1
IMAGE_01596.jpg,0
IMAGE_01000.png,0
IMAGE_01518.png,1
IMAGE_00069.jpg,0
IMAGE_01288.png,0
IMAGE_01896.jpg,0
IMAGE_00353.jpg,0
IMAGE_00167.jpg,0
IMAGE_01788.jpg,0
IMAGE_00314.jpg,0
IMAGE_01676.jpg,0
IMAGE_01125.png,0
IMAGE_01212.png,0
IMAGE_01673.jpg,0
IMAGE_00795.png,0
IMAGE_00316.jpg,0
IMAGE_01052.png,0
IMAGE_00867.png,0
IMAGE_01384.png,0
IMAGE_01339.png,0
IMAGE_00364.jpg,1
IMAGE_01525.png,1
IMAGE_01913.jpg,0
IMAGE_01019.png,0
IMAGE_00915.png,0
IMAGE_00704.png,0
IMAGE_01322.png,0
IMAGE_02085.jpg,0
IMAGE_00709.png,0
IMAGE_01641.jpg,0
IMAGE_00865.png,0
IMAGE_00329.jpg,0
IMAGE_00288.jpg,1
IMAGE_00168.jpg,1
IMAGE_02095.jpg,0
IMAGE_00550.png,1
IMAGE_01685.jpg,0
IMAGE_00146.jpg,1
IMAGE_02058.jpg,0
IMAGE_02198.jpg,0
IMAGE_00902.png,0
IMAGE_01829.jpg,0
IMAGE_00558.png,0
IMAGE_01292.png,0
IMAGE_01240.png,1
IMAGE_00672.png,0
IMAGE_01460.png,0
IMAGE_01155.png,1
IMAGE_00017.jpg,1
IMAGE_00871.png,0
IMAGE_00421.jpg,1
IMAGE_01294.png,0
IMAGE_00519.png,0
IMAGE_01022.png,0
IMAGE_00157.jpg,1
IMAGE_01342.png,0
IMAGE_00124.jpg,1
IMAGE_01250.png,0
IMAGE_01189.png,0
IMAGE_02053.jpg,0
IMAGE_01958.jpg,0
IMAGE_00032.jpg,1
IMAGE_00452.jpg,0
IMAGE_02113.jpg,0
IMAGE_01916.jpg,0
IMAGE_00083.jpg,1
IMAGE_01993.jpg,0
IMAGE_00859.png,0
IMAGE_00173.jpg,1
IMAGE_01268.png,1
IMAGE_01505.png,0
IMAGE_00511.png,0
IMAGE_01785.jpg,0
IMAGE_00545.png,0
IMAGE_01172.png,0
IMAGE_00048.jpg,1
IMAGE_00337.jpg,0
IMAGE_01186.png,0
IMAGE_00731.png,0
IMAGE_02173.jpg,0
IMAGE_01991.jpg,0
IMAGE_00560.png,0
IMAGE_01515.png,0
IMAGE_00081.jpg,1
IMAGE_02029.jpg,0
IMAGE_01060.png,0
IMAGE_00085.jpg,1
IMAGE_00155.jpg,1
IMAGE_00960.png,1
IMAGE_01930.jpg,0
IMAGE_01727.jpg,0
IMAGE_01085.png,1
IMAGE_01402.png,0
IMAGE_01020.png,0
IMAGE_02111.jpg,0
IMAGE_01634.jpg,0
IMAGE_00692.png,0
IMAGE_00723.png,0
IMAGE_02075.jpg,0
IMAGE_00800.png,0
IMAGE_00102.jpg,0
IMAGE_01005.png,1
IMAGE_01531.png,0
IMAGE_01920.jpg,0
IMAGE_01334.png,0
IMAGE_00442.jpg,1
IMAGE_02107.jpg,0
IMAGE_00732.png,0
IMAGE_01880.jpg,0
IMAGE_00826.png,0
IMAGE_00972.png,0
IMAGE_01341.png,0
IMAGE_01681.jpg,0
IMAGE_00879.png,0
IMAGE_00304.jpg,0
IMAGE_02134.jpg,0
IMAGE_01754.jpg,0
IMAGE_01287.png,0
IMAGE_01498.png,0
IMAGE_02072.jpg,0
IMAGE_01160.png,0
IMAGE_01136.png,0
IMAGE_01191.png,0
IMAGE_00553.png,0
IMAGE_00769.png,0
IMAGE_01757.jpg,0
IMAGE_00127.jpg,1
IMAGE_01110.png,0
IMAGE_00897.png,0
IMAGE_00174.jpg,1
IMAGE_00853.png,0
IMAGE_00955.png,0
IMAGE_00701.png,0
IMAGE_00423.jpg,1
IMAGE_00158.jpg,1
IMAGE_00070.jpg,0
IMAGE_01086.png,1
IMAGE_00325.jpg,0
IMAGE_00593.png,0
IMAGE_00233.jpg,1
IMAGE_00515.png,0
IMAGE_02013.jpg,0
IMAGE_02097.jpg,0
IMAGE_01644.jpg,0
IMAGE_01895.jpg,0
IMAGE_00655.png,0
IMAGE_00788.png,0
IMAGE_01253.png,0
IMAGE_00514.png,1
IMAGE_00570.png,1
IMAGE_01242.png,0
IMAGE_01370.png,0
IMAGE_01177.png,0
IMAGE_02204.jpg,0
IMAGE_00663.png,0
IMAGE_01519.png,1
IMAGE_02242.jpg,0
IMAGE_01945.jpg,0
IMAGE_02086.jpg,0
IMAGE_01616.jpg,0
IMAGE_01562.png,0
IMAGE_00989.png,0
IMAGE_00461.jpg,1
IMAGE_01399.png,0
IMAGE_01780.jpg,0
IMAGE_00938.png,0
IMAGE_00169.jpg,1
IMAGE_00542.png,0
IMAGE_01999.jpg,0
IMAGE_01898.jpg,0
IMAGE_00557.png,0
IMAGE_00646.png,0
IMAGE_00667.png,0
IMAGE_01557.png,0
IMAGE_01796.jpg,0
IMAGE_01998.jpg,0
IMAGE_00630.png,0
IMAGE_01940.jpg,0
IMAGE_00910.png,0
IMAGE_01204.png,0
IMAGE_00044.jpg,0
IMAGE_01235.png,0
IMAGE_01957.jpg,0
IMAGE_01377.png,0
IMAGE_01793.jpg,0
IMAGE_02187.jpg,0
IMAGE_01185.png,0
IMAGE_01231.png,0
IMAGE_01124.png,0
IMAGE_01740.jpg,0
IMAGE_01743.jpg,0
IMAGE_00979.png,1
IMAGE_01987.jpg,0
IMAGE_00137.jpg,1
IMAGE_01054.png,0
IMAGE_01362.png,0
IMAGE_01537.png,0
IMAGE_00523.png,0
IMAGE_00693.png,0
IMAGE_00385.jpg,1
IMAGE_00240.jpg,0
IMAGE_01703.jpg,0
IMAGE_01063.png,0
IMAGE_01861.jpg,0
IMAGE_00195.jpg,1
IMAGE_01781.jpg,0
IMAGE_02118.jpg,0
IMAGE_00909.png,0
IMAGE_01114.png,0
IMAGE_01489.png,1
IMAGE_01308.png,0
IMAGE_00390.jpg,1
IMAGE_01118.png,0
IMAGE_01507.png,1
IMAGE_01318.png,0
IMAGE_00602.png,0
IMAGE_01230.png,1
IMAGE_00567.png,0
IMAGE_01299.png,1
IMAGE_00759.png,0
IMAGE_01831.jpg,0
IMAGE_01836.jpg,0
IMAGE_00386.jpg,1
IMAGE_00394.jpg,1
IMAGE_02100.jpg,0
IMAGE_00857.png,0
IMAGE_00248.jpg,0
IMAGE_02015.jpg,0
IMAGE_00986.png,1
IMAGE_00005.jpg,1
IMAGE_01539.png,0
IMAGE_01006.png,1
IMAGE_00210.jpg,1
IMAGE_01933.jpg,0
IMAGE_00188.jpg,1
IMAGE_00907.png,0
IMAGE_01439.png,1
IMAGE_01512.png,0
IMAGE_00123.jpg,0
IMAGE_00687.png,0
IMAGE_01349.png,0
IMAGE_01199.png,0
IMAGE_00130.jpg,1
IMAGE_00711.png,0
IMAGE_01875.jpg,0
IMAGE_01066.png,0
IMAGE_01668.jpg,0
IMAGE_01083.png,0
IMAGE_00738.png,0
IMAGE_00273.jpg,0
IMAGE_01863.jpg,0
IMAGE_01742.jpg,0
IMAGE_01688.jpg,0
IMAGE_01252.png,0
IMAGE_01837.jpg,0
IMAGE_01721.jpg,0
IMAGE_01462.png,0
IMAGE_02109.jpg,0
IMAGE_01499.png,0
IMAGE_00978.png,1
IMAGE_01620.jpg,0
IMAGE_01669.jpg,0
IMAGE_01682.jpg,0
IMAGE_01389.png,1
IMAGE_02215.jpg,0
IMAGE_01480.png,0
IMAGE_00335.jpg,0
IMAGE_00331.jpg,0
IMAGE_01264.png,1
IMAGE_01678.jpg,0
IMAGE_00444.jpg,0
IMAGE_01724.jpg,0
IMAGE_00022.jpg,1
IMAGE_00728.png,0
IMAGE_00961.png,0
IMAGE_01131.png,0
IMAGE_00629.png,0
IMAGE_01126.png,0
IMAGE_01082.png,0
IMAGE_01209.png,0
IMAGE_01437.png,0
IMAGE_00301.jpg,0
IMAGE_01123.png,0
IMAGE_01012.png,0
IMAGE_01319.png,1
IMAGE_01121.png,0
IMAGE_00622.png,1
IMAGE_00765.png,0
IMAGE_00021.jpg,1
IMAGE_01862.jpg,0
IMAGE_00008.jpg,1
IMAGE_00256.jpg,0
IMAGE_00448.jpg,1
IMAGE_01927.jpg,0
IMAGE_00420.jpg,1
IMAGE_01632.jpg,0
IMAGE_01995.jpg,0
IMAGE_00940.png,0
IMAGE_02151.jpg,0
IMAGE_01358.png,0
IMAGE_00750.png,0
IMAGE_01080.png,1
IMAGE_01142.png,0
IMAGE_00858.png,0
IMAGE_01229.png,0
IMAGE_01726.jpg,0
IMAGE_01249.png,1
IMAGE_01911.jpg,0
IMAGE_02112.jpg,0
IMAGE_01033.png,0
IMAGE_02065.jpg,0
IMAGE_00884.png,0
IMAGE_01712.jpg,0
IMAGE_01723.jpg,0
IMAGE_00451.jpg,0
IMAGE_02088.jpg,0
IMAGE_00402.jpg,0
IMAGE_01942.jpg,0
IMAGE_01716.jpg,0
IMAGE_01297.png,1
IMAGE_01064.png,0
IMAGE_00336.jpg,0
IMAGE_01338.png,0
IMAGE_01750.jpg,0
IMAGE_00079.jpg,0
IMAGE_01694.jpg,0
IMAGE_01937.jpg,0
IMAGE_01838.jpg,0
IMAGE_01425.png,0